Thread,Gender,Location,Political_leaning
1,Male,Nebraska,Very Conservative
1,Female,,Progressive
1,Male,Where I'm Needed,Independen
1,Male,Massachuset,Other
1,Male,Nebraska,Very Conservative
1,Male,Nebraska,Very Conservative
1,Male,Where I'm Needed,Independen
1,,,
1,Female,"Near Kingston, Onario, Canada",Conservative
1,Female,,Progressive
1,Male,Nebraska,Very Conservative
1,,,Cenrist
1,,,Cenrist
1,Male,Where I'm Needed,Independen
1,Female,,Progressive
1,Female,"Near Kingston, Onario, Canada",Conservative
1,Male,Nebraska,Very Conservative
1,Male,Nebraska,Very Conservative
1,Female,Outside Seatle,Independen
1,Female,"Near Kingston, Onario, Canada",Conservative
1,Male,"Deepest, Darkest NZ",Very Liberal
1,Male,"Deepest, Darkest NZ",Very Liberal
1,Female,"Rolesville, NC",Moderat
1,Female,,Progressive
1,Male,,Progressive
2,Male,Nebraska,Very Conservative
2,,,
2,Male,,Independen
2,,,
2,Female,,Progressive
2,Male,,Independen
2,Female,"Near Kingston, Onario, Canada",Conservative
2,Male,The Bay,Progressive
2,Male,San Anonio,Libertarian - Left
2,Male,Flori-duh,Progressive
2,Male,,Very Conservative
2,,,
2,Male,Colorado,Independen
2,Female,,Other
2,Female,Outside Seatle,Independen
2,Female,Outside Seatle,Independen
2,,,
2,,Oregon,
2,Female,,
2,Female,,
2,,Oregon,
2,Male,Behind you - run,Other
2,,Oregon,
2,Male,Akron,Progressive
2,Male,ew zealand.,Other
3,,Oregon,
3,Male,,Independen
3,,Oregon,
3,Male,ew zealand.,Other
3,,Oregon,
3,Female,Outside Seatle,Independen
3,,Europe,
3,Female,Outside Seatle,Independen
3,,Europe,
3,Female,"Gainesville, Florida",Liberal
3,Female,Outside Seatle,Independen
3,Female,,Libertarian - Right
3,Male,arizon,Independen
3,Female,Outside Seatle,Independen
3,Female,"Gainesville, Florida",Liberal
3,Female,,Libertarian - Right
3,Male,Over the edge...,
3,Female,"Gainesville, Florida",Liberal
3,,Oregon,
3,Female,,Libertarian - Right
3,Female,"Gainesville, Florida",Liberal
3,Female,,Liberal
3,Female,,Libertarian - Right
3,Female,,Libertarian - Right
3,Male,,Conservative
4,,,
5,,,
5,Female,"Near Kingston, Onario, Canada",Conservative
5,Male,Behind you - run,Other
5,,,
5,Male,The Big Apple,Progressive
6,,,
6,Male,,Independen
6,,Oregon,
6,Male,PNW,Libertarian - Left
6,Female,Outside Seatle,Independen
6,Male,"Uhland, Texas",Libertarian
6,,,Communist
6,Male,"Uhland, Texas",Libertarian
6,,,Communist
6,Male,SW Virginia,Conservative
6,Female,,
6,Male,"Uhland, Texas",Libertarian
6,Male,Texas,Slightly Liberal
6,,,Communist
6,,,Communist
6,Male,"Uhland, Texas",Libertarian
6,Male,Texas,Slightly Liberal
6,Male,"Uhland, Texas",Libertarian
6,Male,Texas,Slightly Liberal
6,,,Communist
6,,,Communist
6,Female,,
6,,,Communist
6,Male,Texas,Slightly Liberal
6,,,Communist
7,Male,Nebraska,Very Conservative
7,Female,"Near Kingston, Onario, Canada",Conservative
7,Male,,Independen
7,Male,Nebraska,Very Conservative
7,Male,Nebraska,Very Conservative
7,Male,,Independen
7,Male,San Anonio,Libertarian - Left
7,Male,Nebraska,Very Conservative
7,Male,Nebraska,Very Conservative
7,Female,"Near Kingston, Onario, Canada",Conservative
7,Female,"Near Kingston, Onario, Canada",Conservative
7,Male,Los Angeles,
7,Male,Nebraska,Very Conservative
7,Male,,Independen
7,Female,"Near Kingston, Onario, Canada",Conservative
7,Male,,Libertarian
7,Male,,Independen
7,Male,,Independen
7,Male,,Independen
7,Male,Southern Englan,Slightly Liberal
7,Male,,
7,Male,,Independen
7,Male,,Independen
7,Female,"Near Kingston, Onario, Canada",Conservative
7,,Oregon,
8,,,Cenrist
8,Male,Southwestern U.S.,Conservative
8,,,Cenrist
8,Male,Idaho,Other
8,,,Cenrist
8,Male,Idaho,Other
8,Male,Idaho,Other
8,,,Cenrist
8,,,Cenrist
8,Male,Idaho,Other
8,,,Cenrist
8,Male,Idaho,Other
8,,,Cenrist
8,Male,Idaho,Other
8,,,Cenrist
8,Male,Idaho,Other
8,,,Cenrist
8,Male,San Anonio,Libertarian - Left
8,,,
8,,,
8,,,
9,Male,UP of Michigan,Independen
9,Female,"Near Kingston, Onario, Canada",Conservative
9,Male,UP of Michigan,Independen
9,,Oregon,
9,Female,"New South Wales, Australia",Conservative
9,Female,Outside Seatle,Independen
10,,,
11,,,
11,Male,,Independen
11,Male,ew zealand.,Other
11,Female,Outside Seatle,Independen
11,,,
11,Female,"Near Kingston, Onario, Canada",Conservative
12,Male,"Bridgeport, CT",Libertarian - Right
12,Male,Where I'm Needed,Independen
12,Male,Texas,Slightly Liberal
12,Male,,Independen
12,,,
12,,USA,Independen
12,Male,Texas,Slightly Liberal
12,,,
12,Male,"Bridgeport, CT",Libertarian - Right
12,Male,Texas,Slightly Liberal
12,Male,Texas,Independen
12,Male,Texas,Independen
12,Male,Where I'm Needed,Independen
12,Male,"Bridgeport, CT",Libertarian - Right
12,Male,"Bridgeport, CT",Libertarian - Right
12,Male,,Independen
12,Male,Where I'm Needed,Independen
12,Male,Texas,Slightly Liberal
12,Male,,Independen
12,Male,"Meridian, Idaho",Cenrist
12,Male,"Meridian, Idaho",Cenrist
12,Male,"Meridian, Idaho",Cenrist
12,Male,"Meridian, Idaho",Cenrist
12,Male,,Other
12,Male,Texas,Slightly Liberal
13,Male,,Very Conservative
13,Male,,Independen
13,Male,,Very Conservative
13,,Oregon,
13,Male,Atlan,Independen
13,Female,"Near Kingston, Onario, Canada",Conservative
13,Female,"Near Kingston, Onario, Canada",Conservative
13,Female,Outside Seatle,Independen
13,Male,,Independen
13,Male,,Very Conservative
13,Male,,Very Conservative
13,Male,,Very Conservative
13,Male,Netherlands,Moderat
13,Female,Outside Seatle,Independen
13,Male,,Very Conservative
13,Female,Outside Seatle,Independen
13,Male,Netherlands,Moderat
13,Male,,Very Conservative
13,Male,,Very Conservative
13,,New Zealan,Independen
13,,New Zealan,Independen
13,,,
13,Male,Florida,Liberal
13,,Oregon,
13,Male,,Very Conservative
14,,Oregon,
14,Male,,Independen
14,,,
14,Male,San Anonio,Libertarian - Left
14,Male,Flori-duh,Progressive
14,Female,"Near Kingston, Onario, Canada",Conservative
14,,,
14,,Oregon,
14,Male,Georgia,Slightly Liberal
14,,,
14,Male,San Anonio,Libertarian - Left
14,Male,Texas,Independen
14,,,
14,,Oregon,
15,Male,,Very Conservative
15,Female,,Conservative
15,Female,,Progressive
15,,,
15,Male,,Very Conservative
15,Female,,Progressive
15,Male,,Very Conservative
15,Female,,Progressive
15,Male,San Anonio,Libertarian - Left
15,Male,"Smackover, AR.",Very Conservative
15,,Oregon,
15,,Oregon,
15,,,Independen
15,Female,,Progressive
15,Female,,Progressive
15,Male,"Smackover, AR.",Very Conservative
15,Female,,Progressive
15,,Oregon,
15,Female,Outside Seatle,Independen
15,Male,"Houston, in the great state of Texas",Conservative
15,Female,Outside Seatle,Independen
15,Female,Outside Seatle,Independen
15,,,Independen
15,Male,"Houston, in the great state of Texas",Conservative
15,,Oregon,
16,,'Murica,Independen
16,Female,,
16,,Oregon,
16,,Oregon,
16,Female,Outside Seatle,Independen
16,Male,,Independen
16,,Canada,Liberal
16,Female,Outside Seatle,Independen
16,Female,Outside Seatle,Independen
16,,Canada,Liberal
16,Female,Outside Seatle,Independen
16,Female,S. California,Slightly Conservative
16,,Canada,Liberal
16,Female,"Near Kingston, Onario, Canada",Conservative
16,,Canada,Liberal
16,Male,In the cener of it all.,
16,,,
16,Male,,Moderat
16,Male,,Independen
16,,Canada,Liberal
16,Male,,Independen
16,Male,In the cener of it all.,
16,,Canada,Liberal
16,Male,In the cener of it all.,
16,,Canada,Liberal
17,Male,Your Back Yard,Independen
17,,Oregon,
18,Male,,Very Conservative
18,,,
18,Male,,Very Conservative
18,,,
18,Male,NM,Independen
18,Male,Menor Ohio,Libertarian
18,Female,,Progressive
18,Female,,Progressive
18,Male,,Very Conservative
18,Male,,Very Conservative
18,Male,,Very Conservative
18,Male,,
18,Male,,Very Conservative
18,Female,,Progressive
18,Female,,Progressive
18,Male,,
18,Male,,Very Conservative
18,Male,,Very Conservative
18,Male,,Very Conservative
18,Female,,Progressive
18,Male,,Very Conservative
18,Female,,Progressive
18,Male,,Very Conservative
18,Female,"Near Kingston, Onario, Canada",Conservative
18,Female,,Progressive
19,Male,,Moderat
19,,Somewhere in Babylon...,
19,Female,Outside Seatle,Independen
19,Female,"Near Kingston, Onario, Canada",Conservative
19,,Oregon,
19,Female,,
19,Male,Flori-duh,Progressive
19,Female,"Near Kingston, Onario, Canada",Conservative
19,,Oregon,
19,Male,"Sarasota, Florida and Sydney, Australia",Progressive
19,,Oregon,
19,Female,Colorado,Liberal
19,Male,Highlands Scotlan,Independen
19,,Oregon,
19,Female,Colorado,Liberal
19,Male,Peoples Republic of California AKA Taxifornia,Libertarian - Right
19,Male,,Very Conservative
19,,Oregon,
19,Female,"Near Kingston, Onario, Canada",Conservative
19,,Oregon,
19,Male,PNW USA,Other
19,,Oregon,
19,Male,PNW USA,Other
19,Female,Outside Seatle,Independen
19,Female,Outside Seatle,Independen
20,Female,,Conservative
20,Female,,Liberal
20,Female,,Progressive
20,Male,"Charleston, SC",Libertarian - Left
20,Female,Outside Seatle,Independen
20,Male,,Independen
20,Male,"Bridgeport, CT",Libertarian - Right
20,Male,,Independen
20,Female,,Conservative
20,Male,,Independen
20,Female,"Near Kingston, Onario, Canada",Conservative
20,Female,,Progressive
20,Female,Outside Seatle,Independen
20,Female,"Near Kingston, Onario, Canada",Conservative
20,Female,,Conservative
20,Female,,
20,Male,,Other
20,Male,,Other
20,Male,,Other
20,Male,,Other
20,Female,,
20,Female,"Near Kingston, Onario, Canada",Conservative
20,Male,,Other
20,Female,,
20,Male,,Other
21,Female,,Liberal
21,Female,"Near Kingston, Onario, Canada",Conservative
21,Female,,
21,Female,,
21,,East Coast - USA,Cenrist
21,Female,Outside Seatle,Independen
21,,,
21,Male,"West end of the Erie Canal (That's Buffalo, NY for",Very Conservative
21,Male,"West end of the Erie Canal (That's Buffalo, NY for",Very Conservative
21,Female,Outside Seatle,Independen
21,Female,Outside Seatle,Independen
21,Male,"West end of the Erie Canal (That's Buffalo, NY for",Very Conservative
21,Female,Outside Seatle,Independen
21,Male,"West end of the Erie Canal (That's Buffalo, NY for",Very Conservative
21,Female,Outside Seatle,Independen
21,Male,Texas,Independen
21,Male,"West end of the Erie Canal (That's Buffalo, NY for",Very Conservative
21,Female,Outside Seatle,Independen
21,Male,North East USA,Slightly Liberal
21,Male,North East USA,Slightly Liberal
21,Male,"West end of the Erie Canal (That's Buffalo, NY for",Very Conservative
21,Male,"West end of the Erie Canal (That's Buffalo, NY for",Very Conservative
21,Female,Outside Seatle,Independen
21,,East Coast - USA,Cenrist
21,Male,North East USA,Slightly Liberal
22,,Oregon,
22,Male,CT,
22,,Oregon,
22,,Oregon,
22,Male,Atlan,Independen
22,,Oregon,
22,Female,Not over the edge yet,Slightly Liberal
22,Male,Atlan,Independen
22,Male,CT,
22,,,Cenrist
22,Female,Outside Seatle,Independen
22,Male,CT,
22,,Oregon,
22,,Oregon,
22,Male,CT,
22,Male,CT,
22,Female,Outside Seatle,Independen
22,Male,CT,
22,Female,Outside Seatle,Independen
22,Male,,
22,Female,Outside Seatle,Independen
22,,Oregon,
22,Male,,Very Conservative
22,Female,Outside Seatle,Independen
22,,Oregon,
23,Male,,Progressive
23,Male,,Very Conservative
23,,,Independen
24,,,Cenrist
24,,,
24,,,
24,Female,"Near Kingston, Onario, Canada",Conservative
24,Female,"Near Kingston, Onario, Canada",Conservative
24,Female,"Near Kingston, Onario, Canada",Conservative
24,,,
24,,,Cenrist
24,Male,Los Angeles,
24,,,
24,Male,Akron,Progressive
24,Male,,Independen
24,Female,,Progressive
24,Male,San Anonio,Libertarian - Left
24,Female,"Near Kingston, Onario, Canada",Conservative
24,,,
24,,,
24,Male,San Anonio,Libertarian - Left
24,Female,,
24,Male,,Independen
24,Female,,Progressive
24,Female,,
24,Female,,
24,,,
24,Female,,
25,Male,San Diego,Liberal
25,Female,,
25,Male,A place where common sense exist,Slightly Conservative
25,Male,Texas,Slightly Liberal
25,Male,A place where common sense exist,Slightly Conservative
25,Male,Texas,Slightly Liberal
25,,,
25,Male,A place where common sense exist,Slightly Conservative
25,Male,Texas,Slightly Liberal
25,Female,,
25,Female,,
25,Female,,
25,Female,"Near Kingston, Onario, Canada",Conservative
25,Male,Georgia,Slightly Liberal
25,,,Moderat
25,Male,A place where common sense exist,Slightly Conservative
25,,,
25,,,Cenrist
25,Male,San Anonio,Libertarian - Left
25,,,Cenrist
25,Female,Outside Seatle,Independen
25,Female,Outside Seatle,Independen
25,Female,Outside Seatle,Independen
25,Male,Georgia,Slightly Liberal
25,,Oregon,
26,Male,,Conservative
26,Male,New York,Liberal
26,Male,,Conservative
26,Male,Where I'm Needed,Independen
26,Male,,Conservative
26,Male,,Moderat
26,Male,Where I'm Needed,Independen
26,Male,,Conservative
26,Male,Where I'm Needed,Independen
26,Male,,Conservative
26,Male,,Moderat
26,Male,,Conservative
26,Male,,Conservative
26,Male,Where I'm Needed,Independen
26,Male,Tenessee,
26,Male,Where I'm Needed,Independen
26,Male,Where I'm Needed,Independen
26,Male,,Moderat
26,Male,,Conservative
26,Male,,Conservative
26,Male,Where I'm Needed,Independen
26,Male,,Conservative
26,Male,Where I'm Needed,Independen
26,Male,Where I'm Needed,Independen
26,Male,,Moderat
27,Male,Springfield MO,Liberal
28,Female,"Gainesville, Florida",Liberal
28,Female,,Libertarian - Right
28,Male,ew zealand.,Other
28,Female,,
28,Male,The Big Apple,Progressive
28,Male,menifee calif.,Liberal
28,Male,"Smackover, AR.",Very Conservative
28,Male,"Smackover, AR.",Very Conservative
28,Male,San Diego,Other
28,,Oregon,
28,Female,,Libertarian - Right
28,,Oregon,
28,Female,"Gainesville, Florida",Liberal
28,Male,San Diego,Other
28,Female,,Libertarian - Right
28,Female,"Gainesville, Florida",Liberal
28,Female,"Gainesville, Florida",Liberal
28,Female,,Libertarian - Right
28,Male,San Diego,Other
28,,Oregon,
28,Male,God's counry,Conservative
28,,Oregon,
28,,Oregon,
28,Male,San Diego,Other
28,,,Independen
29,,USA,
29,Male,,Very Liberal
29,,USA,
29,,,Independen
29,Male,,Very Liberal
29,,USA,
29,,USA,
29,Male,,Very Liberal
29,Male,,Very Liberal
29,,USA,
29,,,Independen
29,Male,,Very Liberal
29,,,Cenrist
29,,,Cenrist
29,Male,Atlan,Independen
29,Male,ILxe2x80x9416,Other
29,Male,"Corpus Christi, Texas",Libertarian - Left
29,Male,Southern Englan,Slightly Liberal
29,Male,,Very Liberal
29,Male,"Corpus Christi, Texas",Libertarian - Left
29,Male,"Corpus Christi, Texas",Libertarian - Left
29,Male,,Independen
29,Male,San Anonio,Libertarian - Left
29,,,
29,,New Zealan,Independen
30,,,
30,,,
30,Male,ew zealand.,Other
30,,East Coast - USA,Cenrist
30,Female,,
30,Male,ew zealand.,Other
30,Male,ew zealand.,Other
30,,Oregon,
30,,,Communist
30,,Oregon,
30,,Oregon,
30,Female,,
30,,,Communist
30,Female,,
30,,,Communist
30,Male,,Conservative
30,Female,,
30,Male,,Other
30,Female,,
30,Female,"Near Kingston, Onario, Canada",Conservative
30,Male,"Meridian, Idaho",Cenrist
30,Male,"Meridian, Idaho",Cenrist
30,Male,"Meridian, Idaho",Cenrist
30,,Oregon,
30,Female,Outside Seatle,Independen
31,Male,Minesot,Slightly Liberal
31,Male,San Diego,Other
31,,Somewhere in Babylon...,
31,Male,San Diego,Other
31,Male,Georgia,Slightly Liberal
31,Male,"Smackover, AR.",Very Conservative
31,,Oregon,
31,Male,AL,Libertarian - Left
31,Female,Outside Seatle,Independen
31,Female,Outside Seatle,Independen
31,Male,Georgia,Slightly Liberal
31,Female,Outside Seatle,Independen
31,Male,Georgia,Slightly Liberal
31,Female,Outside Seatle,Independen
31,Female,,
31,Female,,
31,Female,,
31,,Oregon,
31,Female,Outside Seatle,Independen
31,,Oregon,
31,Female,,
32,Male,Florida,Liberal
32,Male,,Independen
32,Male,Florida,Liberal
32,Male,Eart,
32,Male,,Independen
32,Male,Texas,Slightly Liberal
32,Male,Florida,Liberal
32,Male,Florida,Liberal
32,Male,Texas,Slightly Liberal
32,Male,Florida,Liberal
32,Male,Florida,Liberal
32,Male,God's counry,Conservative
32,Male,,
32,Male,,Independen
32,Male,Flori-duh,Progressive
32,Male,Florida,Liberal
32,Male,Eart,
32,Male,Florida,Liberal
32,Male,Florida,Liberal
32,Male,,Independen
32,Male,,Independen
32,Male,S/E georgia.  If you miss my house ain't another f,Independen
32,Male,Eart,
32,,,Privat
32,,,Privat
33,Female,,
33,,Oregon,
33,Female,,Progressive
33,Female,,
33,Female,,
33,Female,,
33,,,Independen
33,,Oregon,
33,,,Independen
33,,Oregon,
33,,,Independen
33,Female,,
33,Female,,
33,Male,,Other
33,Female,,
33,,Oregon,
33,Female,,
33,Female,,
33,Male,"Smackover, AR.",Very Conservative
33,Male,"Smackover, AR.",Very Conservative
33,Male,"Smackover, AR.",Very Conservative
33,,Oregon,
33,Male,"Smackover, AR.",Very Conservative
33,,Oregon,
33,Male,"Smackover, AR.",Very Conservative
34,,,
34,,,
34,,,
34,,,
34,,,
34,,Oregon,
34,,Utah,
34,Male,Oregon,Progressive
34,Male,Oregon,Progressive
34,Male,Oregon,Progressive
34,Male,PNW,Libertarian - Left
34,,Utah,
34,,,
34,,Utah,
34,Female,"Near Kingston, Onario, Canada",Conservative
34,,,
34,,,
34,,Oregon,
34,Male,Oregon,Progressive
35,,,
35,,Oregon,
35,,East Coast - USA,Cenrist
35,Female,,Independen
35,,,Independen
35,Male,"Monreal, QC",Liberal
35,Female,,Independen
35,Male,"Smackover, AR.",Very Conservative
35,Female,,Independen
35,,New Zealan,Independen
35,,,Independen
35,Female,,Independen
35,Female,,Independen
35,,,Independen
35,Female,Outside Seatle,Independen
35,Female,,Independen
35,Female,,
35,,Oregon,
35,Female,,Libertarian - Right
35,,,
35,Female,,
35,,,
35,,,
35,,,
35,,Oregon,
36,Female,,Conservative
36,,Oregon,
36,Male,,Independen
36,Male,"Denon, Texas",Very Liberal
36,,,
36,Female,,Conservative
36,Male,"Denon, Texas",Very Liberal
36,Male,,Conservative
36,Male,,Conservative
36,Female,,Conservative
36,Female,,Progressive
36,,Oregon,
36,Female,,Conservative
36,Female,,Conservative
36,Female,,Progressive
36,Female,"Mt Pleasan, South Carolin",Slightly Liberal
36,Female,,Progressive
36,,Oregon,
36,Female,,
36,Female,,Conservative
36,Female,,Conservative
36,Male,,Conservative
36,Male,,Independen
36,,Oregon,
36,Female,,Conservative
37,Male,,Conservative
37,Male,,Independen
37,Male,,Socialist
37,,'Murica,Independen
37,Male,,Independen
37,,,
37,Female,,
37,Female,,
37,,Oregon,
37,Female,"Near Kingston, Onario, Canada",Conservative
37,Male,Colorado,Independen
37,Male,,Conservative
37,Male,,Conservative
37,Male,,Conservative
37,Male,,Conservative
37,Male,,Independen
37,Male,Colorado,Independen
37,Female,"Near Kingston, Onario, Canada",Conservative
37,Female,"Near Kingston, Onario, Canada",Conservative
37,,Oregon,
37,,Oregon,
37,Male,,Conservative
37,Male,Colorado,Independen
37,Male,,Conservative
37,Male,Colorado,Independen
38,,USA,
38,,USA,
38,Female,,Other
38,Female,S. California,Slightly Conservative
38,,USA,
38,Male,,Independen
38,,,
38,Male,,Very Conservative
38,Male,Atlan,Independen
38,Male,,Very Conservative
38,Male,Southern Englan,Slightly Liberal
38,Male,,Very Liberal
38,Male,,Very Conservative
38,Male,New York,Liberal
38,Male,,Very Liberal
38,Male,,Very Liberal
38,Male,,Very Conservative
38,,USA,
38,,USA,
38,Male,,Very Liberal
38,,,
38,Male,,Very Conservative
38,Male,,Very Conservative
38,,USA,
38,,,
39,Male,"Cincinati, Ohio",Independen
39,,Oregon,
39,Male,"Cincinati, Ohio",Independen
39,Male,,Independen
39,,Oregon,
39,Male,,Conservative
39,Female,"Near Kingston, Onario, Canada",Conservative
40,,Oregon,
40,Female,,Progressive
40,Male,,Independen
40,,,
40,,Oregon,
40,,,
40,,Oregon,
40,,,
40,,Oregon,
40,Male,"Smackover, AR.",Very Conservative
40,,Oregon,
40,,Oregon,
40,,Oregon,
40,Male,"Smackover, AR.",Very Conservative
40,Male,ew zealand.,Other
40,,,
40,Female,Outside Seatle,Independen
40,Female,Outside Seatle,Independen
40,,Oregon,
40,Male,"Smackover, AR.",Very Conservative
40,Male,San Diego,Liberal
40,,,
40,Male,,Conservative
40,Male,,Conservative
40,Male,,
41,,,Cenrist
41,Female,,Progressive
41,,,Cenrist
41,,Oregon,
41,Female,,Progressive
41,Male,CT,
41,Female,Outside Seatle,Independen
41,,,Cenrist
41,Female,Outside Seatle,Independen
41,,,Independen
41,Male,,Libertarian - Right
41,,,Cenrist
41,Female,Outside Seatle,Independen
41,,,Cenrist
41,Female,Outside Seatle,Independen
41,,Oregon,
41,Male,,Very Conservative
41,,,
41,Male,Florida,Liberal
41,Male,,Libertarian - Right
41,Female,,Progressive
41,,,Cenrist
41,,,Cenrist
41,Male,,Very Conservative
41,,,Cenrist
42,Female,"Near Kingston, Onario, Canada",Conservative
42,,Oregon,
43,Male,Akron,Progressive
43,Male,Atlan,Independen
43,Male,"Uhland, Texas",Libertarian
43,,Oregon,
43,Female,,
43,Female,"Gainesville, Florida",Liberal
43,Female,"Near Kingston, Onario, Canada",Conservative
43,Male,"Uhland, Texas",Libertarian
43,,,
43,,Oregon,
43,Female,Outside Seatle,Independen
43,Female,Outside Seatle,Independen
43,,,Cenrist
43,Female,"Near Kingston, Onario, Canada",Conservative
43,Female,"Near Kingston, Onario, Canada",Conservative
43,Male,,Independen
43,Male,,Independen
43,Female,"Gainesville, Florida",Liberal
43,Male,,Independen
43,Male,,Other
43,Male,"Uhland, Texas",Libertarian
43,,Oregon,
43,Male,,Independen
43,Male,Texas,Independen
43,Male,"Uhland, Texas",Libertarian
44,,Oregon,
44,Male,,Very Conservative
44,,,
44,Male,,Very Conservative
44,Male,PNW,Libertarian - Left
44,Male,,Very Conservative
44,Male,PNW,Libertarian - Left
44,Male,,Very Conservative
44,,,
44,,Oregon,
44,Male,,Very Conservative
44,Female,"Rolesville, NC",Moderat
44,Female,,Progressive
44,,New Zealan,Independen
44,,,Independen
44,,,
44,,,Privat
44,Female,,Progressive
44,,,
44,,,
44,Male,"US, California - federalist",Liberal
44,,Oregon,
44,,Oregon,
44,,Oregon,
44,,,Independen
45,,Oregon,
45,Male,,Independen
45,,,Independen
45,Female,Outside Seatle,Independen
45,,Oregon,
45,Male,PNW,Libertarian - Left
45,,Oregon,
45,Male,,Independen
45,,Oregon,
45,Female,,
45,Male,,Conservative
45,Male,,Conservative
45,Female,Outside Seatle,Independen
45,Female,Outside Seatle,Independen
45,,Oregon,
45,Male,,Conservative
45,Male,,Conservative
45,,Oregon,
45,Male,,Conservative
45,Male,,Conservative
45,,Oregon,
45,,Oregon,
45,Male,,Conservative
45,,Oregon,
45,,Oregon,
46,,Coal Counry,Socialist
46,Male,,Progressive
46,,Europe,
46,Male,"US, California - federalist",Liberal
46,Male,,
46,,Europe,
46,,,
46,,Oregon,
46,,Coal Counry,Socialist
46,Male,,Libertarian
46,Male,"US, California - federalist",Liberal
46,Female,,
46,Female,,
46,,Oregon,
46,Male,,Conservative
46,Female,,
46,Male,,Conservative
46,Female,,
46,,Europe,
46,Female,"Near Kingston, Onario, Canada",Conservative
46,Female,"Near Kingston, Onario, Canada",Conservative
46,Female,"Near Kingston, Onario, Canada",Conservative
46,,Europe,
46,Male,,Libertarian
46,,,
47,Female,"Gainesville, Florida",Liberal
47,,Somewhere in Babylon...,
47,Male,Canada,Cenrist
47,Female,"Gainesville, Florida",Liberal
47,Male,Canada,Cenrist
47,Female,"Gainesville, Florida",Liberal
47,Male,Canada,Cenrist
47,Female,"Gainesville, Florida",Liberal
47,Male,Canada,Cenrist
47,Male,Boston Massachuset,
47,Male,Canada,Cenrist
47,Female,"Gainesville, Florida",Liberal
47,Female,Outside Seatle,Independen
47,Female,Outside Seatle,Independen
47,Male,Boston Massachuset,
47,Male,Canada,Cenrist
47,Male,Canada,Cenrist
47,Male,Boston Massachuset,
47,Female,Outside Seatle,Independen
47,Female,Outside Seatle,Independen
47,Male,,Conservative
47,,Oregon,
47,,,Liberal
47,,Oregon,
47,Female,Outside Seatle,Independen
48,Female,,
48,Male,Georgia,Slightly Liberal
48,Female,,
48,,Oregon,
48,,Europe,
48,,Oregon,
48,Female,"Gainesville, Florida",Liberal
48,Female,Wisconsin,Progressive
48,Male,,Very Conservative
48,,Oregon,
48,Male,,Liberal
48,Male,,Liberal
48,Male,,Conservative
48,,Oregon,
48,,Oregon,
48,Female,"Near Kingston, Onario, Canada",Conservative
48,Female,,Progressive
48,Female,,Progressive
48,Female,,
48,Female,,
48,Female,,
48,Female,,
48,Female,,
48,Female,,Progressive
48,Male,,Independen
49,Female,"Gainesville, Florida",Liberal
49,,,Independen
49,,New Zealan,Independen
49,Male,Highlands Scotlan,Independen
49,,New Zealan,Independen
49,Male,,Progressive
49,,New Zealan,Independen
49,,Oregon,
49,Male,,Progressive
49,,New Zealan,Independen
49,,New Zealan,Independen
49,,,
49,Female,Outside Seatle,Independen
49,Male,,Progressive
49,Male,Ikealandia,Libertarian
49,Female,"Gainesville, Florida",Liberal
49,Male,,Progressive
49,Female,"Gainesville, Florida",Liberal
49,Male,Ikealandia,Libertarian
49,Female,"Gainesville, Florida",Liberal
49,Male,Ikealandia,Libertarian
49,Female,,
49,Female,,
49,Female,,
49,Female,,
50,,Oregon,
50,Male,,Conservative
50,Male,Atlan,Independen
50,Female,"Houston Area, TX",Slightly Liberal
50,,Oregon,
50,,Oregon,
50,Male,,Conservative
50,Male,"Smackover, AR.",Very Conservative
50,,Oregon,
50,,New Zealan,Independen
50,,New Zealan,Independen
50,Male,Highlands Scotlan,Independen
50,,Oregon,
50,Male,Australia,Other
50,,Oregon,
50,Male,Australia,Other
50,Female,"Gainesville, Florida",Liberal
50,Male,Australia,Other
50,Male,Australia,Other
50,Male,Highlands Scotlan,Independen
50,Male,Highlands Scotlan,Independen
50,Male,Highlands Scotlan,Independen
50,Male,Highlands Scotlan,Independen
50,Female,"Gainesville, Florida",Liberal
50,Female,"Near Kingston, Onario, Canada",Conservative
51,,Oregon,
51,Female,Outside Seatle,Independen
51,,Oregon,
51,Male,ew zealand.,Other
51,Male,,Socialist
51,Male,,Socialist
51,,Oregon,
51,Male,ew zealand.,Other
51,,Oregon,
51,Female,,Progressive
51,Male,Ikealandia,Libertarian
51,,,Independen
51,,,Liberal
51,,Oregon,
51,Female,,
51,Male,ew zealand.,Other
51,,Oregon,
51,,Oregon,
51,Female,Outside Seatle,Independen
51,Male,ew zealand.,Other
51,,Oregon,
51,Female,,
51,Male,ew zealand.,Other
52,Female,,
52,,Oregon,
52,,Oregon,
52,Female,,
52,Female,,
52,Female,,
52,Female,,
52,Female,"Gainesville, Florida",Liberal
52,Female,,
52,Female,,
52,Female,"Near Kingston, Onario, Canada",Conservative
52,Female,"Gainesville, Florida",Liberal
52,,Oregon,
52,Female,"Gainesville, Florida",Liberal
52,Female,"Gainesville, Florida",Liberal
52,,Oregon,
52,Female,"Gainesville, Florida",Liberal
52,,Oregon,
52,Female,"Gainesville, Florida",Liberal
52,Female,"Near Kingston, Onario, Canada",Conservative
52,,Oregon,
52,Female,,
52,Female,,
52,Female,,
52,Female,,
53,Male,,Conservative
53,,Oregon,
53,Female,"Gainesville, Florida",Liberal
53,Male,,Conservative
53,Female,"Gainesville, Florida",Liberal
53,,New Zealan,Independen
53,,New Zealan,Independen
53,Male,,Libertarian
53,Male,,Conservative
53,Male,,Conservative
53,Female,"Gainesville, Florida",Liberal
53,Female,Outside Seatle,Independen
53,,New Zealan,Independen
53,Female,Outside Seatle,Independen
53,Male,,Conservative
53,Male,,Conservative
53,,,
53,,New Zealan,Independen
53,,New Zealan,Independen
53,,,
53,,New Zealan,Independen
53,,New Zealan,Independen
53,Female,Outside Seatle,Independen
53,Female,sout,Other
53,Male,"Charleston, SC",Libertarian - Left
54,,Oregon,
54,Male,,Conservative
54,Female,"Near Kingston, Onario, Canada",Conservative
54,,Oregon,
54,Female,"Gainesville, Florida",Liberal
54,,Oregon,
54,,Oregon,
54,Female,,
54,Female,,
55,Male,,Conservative
55,,'Murica,Independen
55,,,
55,Male,,Conservative
55,,,
55,,Oregon,
55,Male,,Conservative
55,,Oregon,
55,,Oregon,
55,,,
55,,Oregon,
55,,,
55,Female,"Gainesville, Florida",Liberal
55,Male,,Conservative
55,,Oregon,
55,Male,,Conservative
55,,,
55,Male,,Socialist
55,,Oregon,
55,Male,,Conservative
55,Male,,Conservative
55,,,
55,Female,"Near Kingston, Onario, Canada",Conservative
55,Female,"Gainesville, Florida",Liberal
55,Female,,
56,Male,"Charleston, SC",Libertarian - Left
56,,,Independen
56,Male,,Slightly Liberal
56,Female,Outside Seatle,Independen
56,Female,Outside Seatle,Independen
56,,,
56,Female,,
56,Female,"Gainesville, Florida",Liberal
56,Female,"Gainesville, Florida",Liberal
56,Female,"Near Kingston, Onario, Canada",Conservative
56,Male,Flori-duh,Progressive
56,Male,Flori-duh,Progressive
56,Male,,Libertarian - Right
56,Male,,Conservative
56,Female,Outside Seatle,Independen
56,Female,Outside Seatle,Independen
56,,,Independen
56,Female,Outside Seatle,Independen
56,,New Zealan,Independen
56,,New Zealan,Independen
56,Female,Outside Seatle,Independen
56,Male,menifee calif.,Liberal
56,,New Zealan,Independen
56,Male,,Independen
56,Male,,Very Conservative
57,Female,,Libertarian - Right
57,,,
57,,,Independen
57,,,
57,,,Independen
57,,,Independen
57,,,
57,,,Independen
57,Male,Massachuset,Other
57,Male,,Cenrist
57,Male,,Libertarian
57,Female,,Progressive
57,,,
57,Female,,Progressive
57,Female,,Progressive
57,Male,,Libertarian
57,,,Cenrist
57,Female,,Progressive
57,Female,,Libertarian - Right
57,,,Independen
57,,,Independen
57,,,Independen
57,,,Independen
57,Male,Akron,Progressive
57,Female,,Progressive
58,Male,,Conservative
58,,,
58,Male,"Onario, Canada",Progressive
58,Male,,Conservative
58,Male,,Conservative
58,Female,"Near Kingston, Onario, Canada",Conservative
58,Male,"Onario, Canada",Progressive
58,Male,,Conservative
58,Male,,Socialist
58,Female,Outside Seatle,Independen
58,,Oregon,
58,Male,"Onario, Canada",Progressive
58,,Oregon,
58,Female,Outside Seatle,Independen
58,Male,,Conservative
58,Male,,Conservative
58,,Oregon,
58,Female,Outside Seatle,Independen
58,Female,Outside Seatle,Independen
58,,Oregon,
58,Male,"Charleston, SC",Libertarian - Left
58,Male,,Conservative
58,Male,,Conservative
58,Male,,Conservative
58,Female,,
59,Male,Springfield MO,Liberal
59,,Oregon,
59,Female,,
59,,Oregon,
59,Female,,
59,Male,,Conservative
59,,Oregon,
59,Female,"Near Kingston, Onario, Canada",Conservative
59,,Oregon,
60,,East Coast - USA,Cenrist
60,,,Cenrist
60,Male,In your head,Other
60,,East Coast - USA,Cenrist
60,Male,In your head,Other
60,Male,CT,
60,,East Coast - USA,Cenrist
60,,,Cenrist
60,,,
60,Female,Outside Seatle,Independen
60,Male,Pitsburgh,Independen
60,,East Coast - USA,Cenrist
60,,East Coast - USA,Cenrist
60,,East Coast - USA,Cenrist
60,Female,Outside Seatle,Independen
60,Male,,
60,,East Coast - USA,Cenrist
60,Female,Outside Seatle,Independen
60,Female,Outside Seatle,Independen
60,,East Coast - USA,Cenrist
60,Male,"Meridian, Idaho",Cenrist
60,Male,"Meridian, Idaho",Cenrist
60,Male,"Meridian, Idaho",Cenrist
60,Male,"Meridian, Idaho",Cenrist
60,Female,Outside Seatle,Independen
61,Female,,Libertarian - Right
61,,Somewhere in Babylon...,
61,Female,Somewhere over the rainbow,Independen
61,,Oregon,
61,Female,,Libertarian - Right
61,,Oregon,
61,Female,Outside Seatle,Independen
61,,Oregon,
61,Male,Over the edge...,
61,Female,,
61,,Europe,
61,Female,,Libertarian - Right
61,Male,Akron,Progressive
61,,Europe,
61,Male,,Conservative
61,,,
61,Female,"Near Kingston, Onario, Canada",Conservative
61,Male,orth carolin,Very Conservative
61,Female,,
61,Female,,
61,Female,,Libertarian - Right
61,,Oregon,
61,Female,,Libertarian - Right
61,Female,"Near Kingston, Onario, Canada",Conservative
61,Female,Outside Seatle,Independen
62,Male,SE Virginia,Conservative
62,,,
62,Female,,
62,Male,foothills of destin,Slightly Liberal
62,Female,,Progressive
62,,Oregon,
62,Male,,Socialist
62,Male,Akron,Progressive
62,Male,Netherlands,Moderat
62,Male,Georgia,Slightly Liberal
62,Female,,
62,Female,"Near Kingston, Onario, Canada",Conservative
62,Male,SE Virginia,Conservative
62,,,
62,,Oregon,
62,,Oregon,
62,Male,Over the edge...,
62,Male,Over the edge...,
62,Female,Outside Seatle,Independen
62,Female,Outside Seatle,Independen
62,Female,,Progressive
62,Male,SE Virginia,Conservative
62,Female,"Rolesville, NC",Moderat
62,Male,Over the edge...,
62,,Oregon,
63,Female,"Near Kingston, Onario, Canada",Conservative
64,Female,"Gainesville, Florida",Liberal
64,,,Independen
64,,,Cenrist
64,Female,"Gainesville, Florida",Liberal
64,,,Independen
64,Male,"Bridgeport, CT",Libertarian - Right
64,Male,In your head,Other
64,Male,In your head,Other
64,Male,Mid-West USA,Libertarian - Left
64,Male,,
64,Male,,Independen
64,Male,on an island off the left coast of Canada,Liberal
64,Female,"Rolesville, NC",Moderat
64,,,Independen
64,Female,"Gainesville, Florida",Liberal
64,Female,"Gainesville, Florida",Liberal
64,Female,"Gainesville, Florida",Liberal
64,Male,"Bridgeport, CT",Libertarian - Right
64,Female,"Gainesville, Florida",Liberal
64,,,
64,Male,"Bridgeport, CT",Libertarian - Right
64,Female,"Gainesville, Florida",Liberal
64,Male,,Independen
64,Female,"Gainesville, Florida",Liberal
64,Male,In your head,Other
65,Male,New York Cit,Independen
65,,,
65,Female,,
65,Male,New York Cit,Independen
65,Male,New York Cit,Independen
65,Female,,
65,,,
65,Female,,
65,Male,New York Cit,Independen
65,Male,New York Cit,Independen
65,Female,,
65,Male,New York Cit,Independen
65,,,
65,Male,New York Cit,Independen
65,,,
65,,,
65,,,
65,,,
65,,,
65,,,
65,,,
65,,,
65,,,
65,,,
65,,,
66,Male,,Conservative
66,Male,KC,Moderat
66,,,
66,Male,Over the edge...,
66,Female,"Near Kingston, Onario, Canada",Conservative
66,,,
66,Male,Netherlands,Moderat
66,Male,,Conservative
66,Male,,Conservative
66,Male,,Conservative
66,Male,,
66,,,
66,,,
66,Male,"Onario, Canada",Progressive
66,Male,Netherlands,Moderat
66,Female,Outside Seatle,Independen
66,Male,,Conservative
66,Male,,Conservative
66,Female,Outside Seatle,Independen
66,Female,Outside Seatle,Independen
66,Male,,Conservative
66,Male,PNW,Libertarian - Left
66,Female,Outside Seatle,Independen
66,Male,,Conservative
66,Male,Netherlands,Moderat
67,,Oregon,
67,,Oregon,
67,,Oregon,
67,,Somewhere in Babylon...,
67,,Oregon,
67,Female,,
67,Female,"Gainesville, Florida",Liberal
67,,Oregon,
67,Female,,
67,Male,The Big Apple,Progressive
67,Female,,
67,,Oregon,
67,Male,"Smackover, AR.",Very Conservative
67,Male,"Smackover, AR.",Very Conservative
67,,Oregon,
67,Male,"Smackover, AR.",Very Conservative
67,,Oregon,
67,,,Independen
68,,Oregon,
68,Female,Outside Seatle,Independen
68,Male,,Conservative
68,Male,,Conservative
68,Female,Outside Seatle,Independen
68,,,
68,Female,,Conservative
68,,,Cenrist
68,,,
68,Male,,Conservative
68,Male,,Conservative
68,,,
68,Female,Outside Seatle,Independen
68,Female,Outside Seatle,Independen
68,Female,Outside Seatle,Independen
68,Female,Outside Seatle,Independen
68,Male,,Conservative
68,Female,,Conservative
68,,,
68,Female,Outside Seatle,Independen
68,Female,,Conservative
68,,Oregon,
68,Female,"Gainesville, Florida",Liberal
68,Female,"Rolesville, NC",Moderat
68,Female,,Libertarian - Right
69,Male,Flori-duh,Progressive
69,,New Zealan,Independen
69,Male,South Texas,Conservative
69,Male,Flori-duh,Progressive
69,Male,Flori-duh,Progressive
69,Male,No longer Los Angeles,
69,Female,S. California,Slightly Conservative
69,Male,Western New York,Moderat
69,Female,S. California,Slightly Conservative
69,Male,Flori-duh,Progressive
69,Female,S. California,Slightly Conservative
69,,New Zealan,Independen
69,Male,South Texas,Conservative
69,Female,S. California,Slightly Conservative
69,Male,Flori-duh,Progressive
69,Male,Western New York,Moderat
69,Male,South Texas,Conservative
69,Male,South Texas,Conservative
69,Male,Flori-duh,Progressive
69,Male,South Texas,Conservative
69,Female,Outside Seatle,Independen
69,Female,S. California,Slightly Conservative
69,Female,Outside Seatle,Independen
69,Female,Outside Seatle,Independen
69,Female,S. California,Slightly Conservative
70,Male,New York Cit,Independen
70,,,
70,Male,New York Cit,Independen
70,,,
70,Male,New York Cit,Independen
70,,,
70,Male,,
70,Male,New York Cit,Independen
70,Male,,Independen
70,,Oregon,
70,,Oregon,
70,Male,New York Cit,Independen
70,Male,New York Cit,Independen
70,,,
70,Male,New York Cit,Independen
70,Male,No longer Los Angeles,
70,Male,New York Cit,Independen
70,Male,,Independen
70,Male,New York Cit,Independen
70,,,
70,Male,New York Cit,Independen
70,,,
70,Male,No longer Los Angeles,
70,Male,New York Cit,Independen
70,,,
71,Male,Washington,Independen
71,Female,Outside Seatle,Independen
71,Male,Massachuset,Other
71,Female,Outside Seatle,Independen
71,Male,Massachuset,Other
71,Female,Outside Seatle,Independen
71,Female,"Near Kingston, Onario, Canada",Conservative
71,,,
71,Male,Over the edge...,
71,Male,"Columbus, OH",Moderat
71,Female,Outside Seatle,Independen
71,Male,San Diego,Other
71,Female,Outside Seatle,Independen
71,,Oregon,
71,Female,Outside Seatle,Independen
71,Male,San Diego,Other
71,Female,Outside Seatle,Independen
71,Male,San Diego,Other
71,,Oregon,
71,Male,San Diego,Other
71,Female,Outside Seatle,Independen
71,,,Independen
71,Male,New York Cit,Independen
71,Male,,Very Conservative
71,Male,Spain,Socialist
72,Male,Nebraska,Very Conservative
72,Female,,Libertarian - Right
72,Female,"Gainesville, Florida",Liberal
72,Female,"Gainesville, Florida",Liberal
72,Male,Nebraska,Very Conservative
72,Male,Netherlands,Moderat
72,Female,"Gainesville, Florida",Liberal
72,Male,No longer Los Angeles,
72,Female,"Gainesville, Florida",Liberal
72,Female,,Libertarian - Right
72,Female,,Libertarian - Right
72,Male,SW Wisconsin,Slightly Liberal
72,Female,"Gainesville, Florida",Liberal
72,,,
72,,,
72,Male,Menor Ohio,Libertarian
72,Female,"Gainesville, Florida",Liberal
72,Male,Menor Ohio,Libertarian
72,Female,,Libertarian - Right
72,Female,Outside Seatle,Independen
72,,,
72,Female,,Libertarian - Right
72,,New Zealan,Independen
72,,,Conservative
72,Female,Outside Seatle,Independen
73,Male,Over the edge...,
73,Male,Colorado,Libertarian - Left
73,Male,"Smackover, AR.",Very Conservative
73,Male,,Independen
73,Male,Georgia,Slightly Liberal
73,Female,"Houston Area, TX",Slightly Liberal
73,Male,"Smackover, AR.",Very Conservative
73,Female,,Progressive
73,Male,"Smackover, AR.",Very Conservative
73,Male,,Socialist
73,Male,Miami,Independen
73,Female,,Independen
73,Male,Texas,Slightly Liberal
73,Male,,Socialist
73,,,Cenrist
73,,,Cenrist
73,Male,"Smackover, AR.",Very Conservative
73,,,
73,,,Cenrist
73,,,Cenrist
73,Male,Netherlands,Moderat
73,Male,"Smackover, AR.",Very Conservative
73,,Oregon,
73,Male,,Socialist
73,Male,,Socialist
74,Female,"Gainesville, Florida",Liberal
74,Female,"Gainesville, Florida",Liberal
74,,,
74,Female,"Gainesville, Florida",Liberal
74,,,
74,,Rural Oregon-Portland is not my presiden,Conservative
74,Female,"Gainesville, Florida",Liberal
74,Female,"Gainesville, Florida",Liberal
74,,,
74,Female,"Gainesville, Florida",Liberal
74,,,
74,Male,,Slightly Liberal
74,Female,"Gainesville, Florida",Liberal
74,Female,Down Sout,
74,Female,"Gainesville, Florida",Liberal
74,Female,Down Sout,
74,Female,"Gainesville, Florida",Liberal
74,Female,Down Sout,
74,Female,"Gainesville, Florida",Liberal
74,Female,Down Sout,
74,Female,"Gainesville, Florida",Liberal
74,Female,Down Sout,
74,Female,"Gainesville, Florida",Liberal
74,Male,,Slightly Liberal
74,Male,"Eugene, Oregon",Independen
75,Male,"Eugene, Oregon",Independen
75,Female,"Gainesville, Florida",Liberal
75,,,
75,Male,"Eugene, Oregon",Independen
75,Male,"Smackover, AR.",Very Conservative
75,Male,"Eugene, Oregon",Independen
75,,,
75,Male,"Eugene, Oregon",Independen
75,,,
75,Male,"Eugene, Oregon",Independen
75,,,
75,Female,"Gainesville, Florida",Liberal
75,Female,Outside Seatle,Independen
75,Female,"NE Ohio,",Progressive
75,Male,"Eugene, Oregon",Independen
75,Male,"Eugene, Oregon",Independen
75,Male,"Eugene, Oregon",Independen
75,Female,Outside Seatle,Independen
75,Female,"NE Ohio,",Progressive
75,Male,"Eugene, Oregon",Independen
75,Female,"NE Ohio,",Progressive
75,Male,"Eugene, Oregon",Independen
75,Male,Colorado,Independen
75,,Oregon,
75,,Oregon,
76,,Oregon,
76,Female,Outside Seatle,Independen
76,Male,Atlan,Independen
76,Male,,Independen
76,Female,Outside Seatle,Independen
76,Female,Outside Seatle,Independen
76,Male,,Independen
76,Male,Texas,Libertarian - Right
76,Female,Outside Seatle,Independen
76,Female,Outside Seatle,Independen
76,,New Zealan,Independen
76,Female,Outside Seatle,Independen
76,Male,Texas,Libertarian - Right
76,Female,Outside Seatle,Independen
76,Male,Texas,Libertarian - Right
76,Female,Outside Seatle,Independen
76,,New Zealan,Independen
76,,New Zealan,Independen
76,Male,Texas,Libertarian - Right
76,Female,Outside Seatle,Independen
76,,New Zealan,Independen
76,Male,Florida,Liberal
76,Male,Texas,Libertarian - Right
76,Female,Outside Seatle,Independen
76,Male,Texas,Libertarian - Right
77,Male,PA,Libertarian - Left
77,Male,The Lone Star State.,Conservative
77,Male,Atlan,Independen
77,Male,,
77,Male,PA,Libertarian - Left
77,Male,PA,Libertarian - Left
77,Male,,
77,,,Cenrist
77,Male,PA,Libertarian - Left
77,Male,PA,Libertarian - Left
77,Male,,
77,Male,PA,Libertarian - Left
77,Male,,
77,Male,PA,Libertarian - Left
77,Male,,
77,Male,PA,Libertarian - Left
77,Male,SW Virginia,Conservative
77,Male,,
77,Male,PA,Libertarian - Left
77,Male,,
77,Male,PA,Libertarian - Left
77,Male,,
77,Male,PA,Libertarian - Left
77,Male,,
77,Male,PA,Libertarian - Left
78,Male,,Conservative
78,Male,Georgia,Slightly Liberal
78,Male,,Independen
78,Male,,Conservative
78,Male,,Conservative
78,Male,,Independen
78,Male,,Conservative
78,Male,Georgia,Slightly Liberal
78,Male,,Conservative
78,Male,,Independen
78,Male,Georgia,Slightly Liberal
78,Male,,Conservative
78,Male,,Conservative
78,Male,Georgia,Slightly Liberal
78,Male,,Independen
78,Male,,Conservative
78,Male,,Moderat
78,Male,Flori-duh,Progressive
78,Male,Atlan,Independen
78,Female,Outside Seatle,Independen
78,Male,,Conservative
78,Male,,Conservative
78,Male,,Moderat
78,Male,,Conservative
78,Female,,Conservative
79,Female,"Gainesville, Florida",Liberal
79,Male,Behind you - run,Other
79,Male,Atlan,Independen
79,Male,"Smackover, AR.",Very Conservative
79,Female,"Near Kingston, Onario, Canada",Conservative
79,Male,"Smackover, AR.",Very Conservative
79,Female,"Near Kingston, Onario, Canada",Conservative
79,Female,"Gainesville, Florida",Liberal
79,,,
79,Female,"Gainesville, Florida",Liberal
79,,,
79,Male,"Smackover, AR.",Very Conservative
79,Female,"Near Kingston, Onario, Canada",Conservative
79,,,
79,Female,"Gainesville, Florida",Liberal
79,Female,"Gainesville, Florida",Liberal
79,,,
79,,,
79,Female,"Gainesville, Florida",Liberal
79,Female,,Libertarian - Right
79,Female,,Libertarian - Right
79,,,
79,Female,"Near Kingston, Onario, Canada",Conservative
79,Female,"Near Kingston, Onario, Canada",Conservative
79,Female,,Libertarian - Right
80,Male,New York Cit,Independen
80,Female,Outside Seatle,Independen
80,,,
80,Female,Outside Seatle,Independen
80,Male,Over the edge...,
80,Male,,
80,,,
80,Male,Netherlands,Moderat
80,Male,,
80,Female,Outside Seatle,Independen
80,Male,ew zealand.,Other
80,Male,Netherlands,Moderat
80,Female,"Gainesville, Florida",Liberal
80,Female,"Gainesville, Florida",Liberal
80,Male,New York Cit,Independen
80,Male,New York Cit,Independen
80,,,Liberal
80,Male,New York Cit,Independen
80,,,Liberal
80,Female,Outside Seatle,Independen
80,Male,New York Cit,Independen
80,Female,Outside Seatle,Independen
80,Male,New York Cit,Independen
80,,,Liberal
80,Male,New York Cit,Independen
81,Female,"Near Kingston, Onario, Canada",Conservative
81,Female,Somewhere over the rainbow,Independen
81,Male,Atlan,Independen
81,,Oregon,
81,Female,"Gainesville, Florida",Liberal
81,Female,"Near Kingston, Onario, Canada",Conservative
81,Female,,
81,,,
81,Female,"Gainesville, Florida",Liberal
81,Male,New York,Liberal
81,Female,,
81,Female,,
81,Female,,
81,,Oregon,
81,Male,Akron,Progressive
81,Male,,Moderat
81,Male,,Moderat
81,Male,Atlan,Independen
81,,,
81,,Oregon,
81,Male,New York,Liberal
81,Female,,Progressive
81,Female,,
81,Female,"Gainesville, Florida",Liberal
81,Female,"Gainesville, Florida",Liberal
82,Male,New York Cit,Independen
82,Male,Atlan,Independen
82,Male,New York Cit,Independen
82,Male,New York Cit,Independen
82,Female,"Near Kingston, Onario, Canada",Conservative
82,Male,New York Cit,Independen
82,,,Independen
82,Male,New York Cit,Independen
82,,,Independen
82,Male,New York Cit,Independen
82,,,Independen
82,Male,New York Cit,Independen
82,Male,,
82,Male,Miami,Independen
82,Male,New York Cit,Independen
82,Male,Miami,Independen
82,Male,Georgia,Slightly Liberal
82,Male,New York Cit,Independen
82,Male,Georgia,Slightly Liberal
82,Male,New York Cit,Independen
82,Male,Miami,Independen
82,Male,New York Cit,Independen
82,Male,,
82,Female,"Gainesville, Florida",Liberal
82,,New Zealan,Independen
83,Male,New York Cit,Independen
83,,Europe,
83,Female,,Independen
83,Male,New York Cit,Independen
83,Male,New York Cit,Independen
83,Male,,
83,Male,New York Cit,Independen
83,,Europe,
83,Male,New York Cit,Independen
83,,Europe,
83,Male,,
83,Male,New York Cit,Independen
83,Male,New York Cit,Independen
83,,Europe,
83,Male,New York Cit,Independen
83,,,
83,,Europe,
83,Male,New York Cit,Independen
83,Male,New York Cit,Independen
83,,Europe,
83,Male,New York Cit,Independen
83,,Europe,
83,,,
83,Male,New York Cit,Independen
83,Male,New York Cit,Independen
84,Female,,Liberal
84,,Europe,
84,Female,Outside Seatle,Independen
84,Female,Outside Seatle,Independen
84,Male,,Libertarian
84,Female,Outside Seatle,Independen
84,Female,,
84,Female,"Gainesville, Florida",Liberal
84,Female,"Gainesville, Florida",Liberal
84,Female,Outside Seatle,Independen
84,Female,,Liberal
84,Male,,Libertarian
84,Female,Outside Seatle,Independen
84,Female,"Gainesville, Florida",Liberal
84,Male,,Libertarian
84,,Oregon,
84,,,
84,,Europe,
84,,,
84,,,
84,Female,Outside Seatle,Independen
84,Female,,
84,Female,,
85,,USA,
85,,USA,
85,Male,AL,Libertarian - Left
85,Female,New Englan,Moderat
85,Male,"Corpus Christi, Texas",Libertarian - Left
85,,USA,
85,,Somewhere in Babylon...,
85,,USA,
85,Male,New York,Libertarian
85,,,
85,,USA,
85,,,
85,,,
85,Male,,Independen
85,,USA,
85,,USA,
85,,,
85,,USA,
85,,,
85,,Somewhere in Babylon...,
85,,,
85,Male,New York,Libertarian
85,Male,New York,Libertarian
85,Male,"Corpus Christi, Texas",Libertarian - Left
85,,,
86,Male,Nebraska,Very Conservative
86,,,
86,Male,New York,Libertarian
86,Male,Flori-duh,Progressive
86,Male,ew zealand.,Other
86,Male,,Independen
86,Male,Australia,Liberal
86,Male,Nebraska,Very Conservative
86,Male,Nebraska,Very Conservative
86,Male,,Slightly Liberal
86,Male,New York,Libertarian
86,Male,New York,Libertarian
86,Male,Nebraska,Very Conservative
86,Male,Nebraska,Very Conservative
86,,,
86,,,
86,Male,Nebraska,Very Conservative
86,Male,Nebraska,Very Conservative
86,,,
86,,,
86,,,Cenrist
86,Male,Texas,Independen
86,Male,New York,Libertarian
86,Male,,Liberal
86,Male,NM,Independen
87,Male,,Conservative
87,Male,,Independen
87,,,
87,Male,,Conservative
87,Male,,Conservative
87,,,
87,Male,,Independen
87,Male,The Lone Star State.,Conservative
87,Male,,Independen
87,Male,,Conservative
87,Male,,Independen
87,Male,,Conservative
87,Male,,Independen
87,Male,,Independen
87,Male,,Conservative
87,Male,CT,
87,Male,The Lone Star State.,Conservative
87,Female,,Progressive
87,Male,,Independen
87,Male,Eart,
87,Male,,Independen
87,Male,,Conservative
87,Male,,Conservative
87,Male,,Independen
87,Male,,Conservative
88,,,Cenrist
88,Male,Georgia,Slightly Liberal
88,,,Cenrist
88,Female,Down Sout,
88,Male,Georgia,Slightly Liberal
88,,,Cenrist
88,Female,Down Sout,
88,,,Cenrist
88,Male,"Torono, Canada",Conservative
88,Male,"Uhland, Texas",Libertarian
88,Female,Down Sout,
88,,,Cenrist
88,Female,Down Sout,
88,,,Cenrist
88,Female,Down Sout,
88,,,Cenrist
88,Female,Down Sout,
88,,,Cenrist
88,Male,,Very Conservative
88,,,Cenrist
88,Female,"Near Kingston, Onario, Canada",Conservative
88,Female,"Near Kingston, Onario, Canada",Conservative
88,Female,,Progressive
88,Female,Outside Seatle,Independen
88,Female,Outside Seatle,Independen
89,Male,Washington,Independen
89,Female,Outside Seatle,Independen
89,Male,Washington,Independen
89,Female,Outside Seatle,Independen
89,Male,Washington,Independen
89,Female,Outside Seatle,Independen
89,Male,Washington,Independen
89,,,Cenrist
89,Female,Outside Seatle,Independen
89,,,
89,Female,Outside Seatle,Independen
89,,,
89,,Oregon,
89,Male,Behind you - run,Other
89,Male,foothills of destin,Slightly Liberal
89,,,
89,Female,"Near Kingston, Onario, Canada",Conservative
89,Female,"Near Kingston, Onario, Canada",Conservative
89,Male,Washington,Independen
89,Male,Washington,Independen
89,Male,PNW,Libertarian - Left
89,Male,,Socialist
89,Male,,Socialist
89,Male,,Socialist
89,Male,,Liberal
90,,Oregon,
90,,,
90,Female,Outside Seatle,Independen
90,Female,Down Sout,
90,Female,Outside Seatle,Independen
90,,Oregon,
90,Female,Down Sout,
90,Female,Outside Seatle,Independen
90,,,
90,Female,Outside Seatle,Independen
90,Male,The Golden Stat,Independen
90,Female,Outside Seatle,Independen
90,Female,"Gainesville, Florida",Liberal
90,Female,"Gainesville, Florida",Liberal
90,Female,"Gainesville, Florida",Liberal
90,Female,Down Sout,
90,Female,Outside Seatle,Independen
90,Female,Outside Seatle,Independen
90,Female,"Gainesville, Florida",Liberal
90,Female,Down Sout,
90,Male,Behind you - run,Other
90,Female,Outside Seatle,Independen
90,Female,Down Sout,
90,Female,Outside Seatle,Independen
90,Male,,Independen
91,Male,,Liberal
91,Female,"Gainesville, Florida",Liberal
91,Female,"Near Kingston, Onario, Canada",Conservative
91,Male,,Liberal
91,Female,,
91,Female,"Near Kingston, Onario, Canada",Conservative
91,Female,,Progressive
91,Female,,Liberal
91,Female,Outside Seatle,Independen
91,,Oregon,
91,Female,Outside Seatle,Independen
92,,,
92,,New Zealan,Independen
92,,Oregon,
92,Male,The Big Apple,Progressive
92,,New Zealan,Independen
92,,Oregon,
92,Male,,Moderat
92,Female,,
92,,,
92,Female,"Near Kingston, Onario, Canada",Conservative
92,Female,"Near Kingston, Onario, Canada",Conservative
92,,,
92,Male,,Moderat
92,Female,"Near Kingston, Onario, Canada",Conservative
92,Female,"Near Kingston, Onario, Canada",Conservative
92,,,
92,Female,"Near Kingston, Onario, Canada",Conservative
92,,Oregon,
92,,,
92,Male,,Moderat
92,Female,,
92,Female,,
92,,,
92,,,
92,Female,"Near Kingston, Onario, Canada",Conservative
93,Male,,Slightly Conservative
93,,,
93,Male,ew zealand.,Other
93,Female,Southern California,
93,Male,Lebanon Oregon,Liberal
93,Female,"Rolesville, NC",Moderat
93,,Oregon,
93,Male,,Slightly Conservative
93,Male,ew zealand.,Other
93,Male,,Slightly Conservative
93,Male,ew zealand.,Other
93,Female,Outside Seatle,Independen
93,Female,Outside Seatle,Independen
93,Female,Outside Seatle,Independen
93,Male,San Anonio,Libertarian - Left
93,,Oregon,
93,Female,"Gainesville, Florida",Liberal
93,Male,"NYC, USA",Slightly Liberal
93,Male,,Slightly Conservative
93,Male,,Slightly Conservative
93,Male,,
93,Male,,Liberal
93,Male,Olympia Wa,Other
93,Male,ew zealand.,Other
93,Female,,Independen
94,Female,"NE Ohio,",Progressive
94,Male,In your head,Other
94,Female,"NE Ohio,",Progressive
94,Male,In your head,Other
94,Female,"NE Ohio,",Progressive
94,Male,In your head,Other
94,Female,"NE Ohio,",Progressive
94,Male,In your head,Other
94,Male,,Moderat
94,,,
94,,Oregon,
94,Female,"NE Ohio,",Progressive
94,,U.S.,
94,,,
94,,Oregon,
94,Female,"NE Ohio,",Progressive
94,,,Independen
94,Female,"NE Ohio,",Progressive
94,Male,Atlan,Independen
94,Female,"NE Ohio,",Progressive
94,,U.S.,
94,,,
94,Female,,Libertarian - Right
94,Female,,Libertarian - Right
94,Female,,
95,,Oregon,
95,Male,Portlandia,Libertarian - Right
95,Female,Outside Seatle,Independen
95,Male,"Uhland, Texas",Libertarian
95,Male,Portlandia,Libertarian - Right
95,Female,"Gainesville, Florida",Liberal
95,Female,"Gainesville, Florida",Liberal
95,,New Zealan,Independen
95,Male,Portlandia,Libertarian - Right
95,,Oregon,
95,,New Zealan,Independen
95,Male,With Yo Mama,Independen
95,Female,"Gainesville, Florida",Liberal
95,Male,With Yo Mama,Independen
95,Male,,Very Conservative
95,Male,,Very Conservative
95,Male,ew zealand.,Other
95,Female,"Gainesville, Florida",Liberal
95,Male,ew zealand.,Other
95,Male,,Very Conservative
95,Male,,Very Conservative
95,Male,ew zealand.,Other
95,Female,"Gainesville, Florida",Liberal
95,,US,
95,Male,,Very Conservative
96,Female,"Near Kingston, Onario, Canada",Conservative
96,Male,Miami,Independen
96,Female,"Near Kingston, Onario, Canada",Conservative
96,Male,Miami,Independen
96,Female,"Gainesville, Florida",Liberal
96,Female,Outside Seatle,Independen
96,Male,,Very Conservative
96,Female,"Gainesville, Florida",Liberal
96,Female,Outside Seatle,Independen
96,Female,"Gainesville, Florida",Liberal
96,Female,"Gainesville, Florida",Liberal
96,Female,Outside Seatle,Independen
96,Male,,Very Conservative
96,Female,Outside Seatle,Independen
96,Male,,Very Conservative
96,Male,Pitsburgh,Independen
96,Female,Outside Seatle,Independen
96,Female,"Gainesville, Florida",Liberal
96,Male,Pitsburgh,Independen
96,Female,"Gainesville, Florida",Liberal
96,Male,"Smackover, AR.",Very Conservative
96,Female,"Near Kingston, Onario, Canada",Conservative
96,Male,,Very Conservative
96,Female,"Near Kingston, Onario, Canada",Conservative
96,,,Cenrist
97,,,Communist
97,Male,,
97,,'Murica,Independen
97,,,Communist
97,,,Communist
97,Male,foothills of destin,Slightly Liberal
97,Male,foothills of destin,Slightly Liberal
97,Male,Atlan,Independen
97,Male,,Libertarian - Right
97,,,Communist
97,,,Communist
97,,,
97,,,Communist
97,Male,Behind you - run,Other
97,,,Communist
97,Male,"US, California - federalist",Liberal
97,Male,"Corpus Christi, Texas",Libertarian - Left
97,Male,Northern Nevada,Independen
97,,,Communist
97,,,
97,,,Communist
97,Male,"Corpus Christi, Texas",Libertarian - Left
97,,,
97,Male,here,Slightly Liberal
97,,'Murica,Independen
98,Male,MN,Slightly Conservative
98,Male,Atlan,Independen
98,Male,,Independen
98,,New Zealan,Independen
98,,New Zealan,Independen
98,Female,Outside Seatle,Independen
98,Male,Ohio,Libertarian
98,,,
98,Female,Outside Seatle,Independen
98,Female,Outside Seatle,Independen
98,Female,"Gainesville, Florida",Liberal
98,Male,,Independen
98,Male,,Moderat
98,,New Zealan,Independen
98,,Oregon,
98,Male,,Independen
98,Female,"Gainesville, Florida",Liberal
98,Female,Outside Seatle,Independen
98,Female,"Near Kingston, Onario, Canada",Conservative
98,,New Zealan,Independen
98,,New Zealan,Independen
98,,Oregon,
98,Male,,Libertarian
98,Male,,Libertarian
98,Male,,Libertarian
99,Male,Netherlands,Moderat
99,Male,Georgia,Slightly Liberal
99,Male,Third Coast,Other
99,Male,Atlan,Independen
99,Male,,Independen
99,,Oregon,
99,Male,Netherlands,Moderat
99,Female,"Gainesville, Florida",Liberal
99,Male,Netherlands,Moderat
99,Female,"Near Kingston, Onario, Canada",Conservative
99,,,
99,Male,,Independen
99,Male,Netherlands,Moderat
99,Male,,Independen
99,,Oregon,
99,Male,,Very Conservative
99,Male,Menor Ohio,Libertarian
99,Male,Netherlands,Moderat
99,Male,,
99,Male,Menor Ohio,Libertarian
99,Male,SF Bay Area,Conservative
99,Male,"Eugene, Oregon",Independen
99,Male,Netherlands,Moderat
99,Male,Netherlands,Moderat
99,Male,SF Bay Area,Conservative
100,Male,orth carolin,Very Conservative
100,Female,,Progressive
100,Male,AL,Libertarian - Left
100,Male,The Lone Star State.,Conservative
100,,,
100,Female,,
100,Male,The Lone Star State.,Conservative
100,,,
100,Male,The Lone Star State.,Conservative
100,Male,"US, California - federalist",Liberal
100,,,
100,Male,The Lone Star State.,Conservative
100,,,
100,,Oregon,
100,Male,The Lone Star State.,Conservative
100,,,
100,Male,The Lone Star State.,Conservative
100,,,
100,Male,,Other
100,Male,,Moderat
100,Female,"Rolesville, NC",Moderat
100,Male,Atlan,Independen
100,Male,orth carolin,Very Conservative
100,Male,orth carolin,Very Conservative
100,Male,orth carolin,Very Conservative
101,,Oregon,
101,Female,"Gainesville, Florida",Liberal
101,Male,ew zealand.,Other
101,Female,,
101,,,
101,Female,"Gainesville, Florida",Liberal
101,,Oregon,
101,,,
101,,Oregon,
101,,,
101,,Oregon,
101,,,
101,,Oregon,
101,,,
101,Female,"Gainesville, Florida",Liberal
101,,Oregon,
101,,,
101,,,
101,,Oregon,
101,,,
101,Male,ew zealand.,Other
101,Female,"Gainesville, Florida",Liberal
101,Female,"Gainesville, Florida",Liberal
101,Male,ew zealand.,Other
102,Female,"Gainesville, Florida",Liberal
102,Male,"Smackover, AR.",Very Conservative
102,Female,"Gainesville, Florida",Liberal
102,Male,"Louisville, KY",Conservative
102,Female,"Gainesville, Florida",Liberal
102,Male,"Louisville, KY",Conservative
102,Male,,Independen
102,,Oregon,
102,Male,,Independen
102,,Oregon,
102,,Oregon,
102,Male,,Independen
102,,Oregon,
102,Male,,Independen
102,,Oregon,
102,Male,,Independen
102,,Oregon,
102,,Oregon,
102,Female,"Gainesville, Florida",Liberal
102,Female,Not over the edge yet,Slightly Liberal
102,Female,"Gainesville, Florida",Liberal
102,,Oregon,
102,Female,"Gainesville, Florida",Liberal
102,,Oregon,
102,Male,"Smackover, AR.",Very Conservative
103,Female,"Gainesville, Florida",Liberal
103,Male,foothills of destin,Slightly Liberal
103,Female,,Libertarian - Right
103,Male,California,Conservative
103,Female,"Gainesville, Florida",Liberal
103,Female,Not over the edge yet,Slightly Liberal
103,,Oregon,
103,,Oregon,
103,Female,"Gainesville, Florida",Liberal
103,Female,,Libertarian - Right
103,Female,"Gainesville, Florida",Liberal
103,Female,,Libertarian - Right
103,Female,,Libertarian - Right
103,Female,,Libertarian - Right
103,Male,Norfolk Virginia area.,Other
103,Female,"Gainesville, Florida",Liberal
103,Female,,Libertarian - Right
103,Female,"Gainesville, Florida",Liberal
103,Female,"Gainesville, Florida",Liberal
103,,New Zealan,Independen
103,,New Zealan,Independen
103,Female,"Gainesville, Florida",Liberal
103,Female,"Gainesville, Florida",Liberal
103,Male,ew zealand.,Other
103,Female,"Gainesville, Florida",Liberal
104,Male,orth carolin,Very Conservative
104,Male,Sheffield,Other
104,Male,Idaho,Other
104,Male,orth carolin,Very Conservative
104,Male,orth carolin,Very Conservative
104,Male,,Other
104,Male,foothills of destin,Slightly Liberal
104,Male,,Other
104,Male,PNW,Libertarian - Left
104,Male,foothills of destin,Slightly Liberal
104,Male,foothills of destin,Slightly Liberal
104,Female,,
104,Male,orth carolin,Very Conservative
104,Male,Flori-duh,Progressive
104,Male,foothills of destin,Slightly Liberal
104,Male,foothills of destin,Slightly Liberal
104,Female,"Gainesville, Florida",Liberal
104,Male,orth carolin,Very Conservative
104,,Oregon,
104,Female,"Gainesville, Florida",Liberal
104,Female,Outside Seatle,Independen
104,Male,orth carolin,Very Conservative
104,,,
104,Male,Idaho,Other
104,Male,foothills of destin,Slightly Liberal
105,Female,"Gainesville, Florida",Liberal
105,Male,,Libertarian
105,Male,Georgia,Slightly Liberal
105,,Oregon,
105,Male,,
105,Male,Lebanon Oregon,Liberal
105,Female,"Gainesville, Florida",Liberal
105,Female,"Gainesville, Florida",Liberal
105,Male,"Ft Worth, Texas",Cenrist
105,Female,"Gainesville, Florida",Liberal
105,Female,"Gainesville, Florida",Liberal
105,Male,"Ft Worth, Texas",Cenrist
105,Male,Lebanon Oregon,Liberal
105,,,Privat
105,Female,"Gainesville, Florida",Liberal
105,Female,"Gainesville, Florida",Liberal
105,Male,,
105,Male,Seatle Area,Independen
105,Male,"Ft Worth, Texas",Cenrist
105,Female,"Gainesville, Florida",Liberal
105,,,
105,,Oregon,
105,Female,"Near Kingston, Onario, Canada",Conservative
105,Male,"Meridian, Idaho",Cenrist
105,Male,"Meridian, Idaho",Cenrist
106,,,Liberal
106,Female,Outside Seatle,Independen
106,Female,,Independen
106,,,Liberal
106,Female,Outside Seatle,Independen
106,Male,Washington,Independen
106,,,Cenrist
106,,,Liberal
106,,Europe,
106,,,Liberal
106,,Europe,
106,,,Cenrist
106,,,Liberal
106,,,Cenrist
106,Male,The Lone Star State.,Conservative
106,,,Cenrist
106,,,Liberal
106,Male,The Lone Star State.,Conservative
106,Male,The Lone Star State.,Conservative
106,,,Liberal
106,Male,The Lone Star State.,Conservative
106,Male,,Slightly Conservative
106,Female,Outside Seatle,Independen
106,Female,Outside Seatle,Independen
106,Female,Outside Seatle,Independen
107,Male,Sheffield,Other
108,Female,,Progressive
108,Male,Miami,Independen
108,,,
108,Male,"Smackover, AR.",Very Conservative
108,Male,,Independen
108,,,Conservative
108,Male,Southern California,Conservative
108,Female,Outside Seatle,Independen
108,Female,Outside Seatle,Independen
108,Female,"Gainesville, Florida",Liberal
108,Female,Outside Seatle,Independen
108,,,Privat
108,Female,Outside Seatle,Independen
108,,,
108,,,
108,Female,Outside Seatle,Independen
108,Female,Outside Seatle,Independen
108,,,
108,,,Conservative
108,Female,Outside Seatle,Independen
108,Female,"Gainesville, Florida",Liberal
108,Female,,Progressive
108,Female,,Progressive
108,Male,,Independen
108,Female,"Near Kingston, Onario, Canada",Conservative
109,,,
109,Male,American Refugee in Europe,Independen
109,Male,Peoples Republic of California AKA Taxifornia,Libertarian - Right
109,,,
109,,,
109,,,
109,Male,Peoples Republic of California AKA Taxifornia,Libertarian - Right
109,Female,"Near Kingston, Onario, Canada",Conservative
109,Female,"Near Kingston, Onario, Canada",Conservative
109,,New Zealan,Independen
109,,New Zealan,Independen
109,Female,Outside Seatle,Independen
109,Female,Outside Seatle,Independen
109,,Oregon,
109,,,
109,,,
109,Female,Outside Seatle,Independen
109,Female,"Gainesville, Florida",Liberal
109,Male,,Moderat
109,Female,"Near Kingston, Onario, Canada",Conservative
109,Male,"Sarasota, Florida and Sydney, Australia",Progressive
109,Male,Over the edge...,
109,Male,,Moderat
109,,,
109,Female,"Near Kingston, Onario, Canada",Conservative
